Offense Parent Group,Offense,Report DateTime,0
LARCENY-THEFT,Theft From Motor Vehicle,2014,13874
LARCENY-THEFT,Theft From Motor Vehicle,2016,13199
LARCENY-THEFT,Theft From Motor Vehicle,2015,12678
LARCENY-THEFT,Theft From Motor Vehicle,2009,12643
LARCENY-THEFT,Theft From Motor Vehicle,2017,12529
LARCENY-THEFT,Theft From Motor Vehicle,2018,11728
LARCENY-THEFT,Theft From Motor Vehicle,2013,11720
LARCENY-THEFT,Theft From Motor Vehicle,2010,10957
LARCENY-THEFT,Theft From Motor Vehicle,2019,10753
BURGLARY/BREAKING&ENTERING,Burglary/Breaking & Entering,2020,10435
LARCENY-THEFT,Theft From Motor Vehicle,2008,10203
BURGLARY/BREAKING&ENTERING,Burglary/Breaking & Entering,2021,9878
LARCENY-THEFT,Theft From Motor Vehicle,2011,9822
FRAUD OFFENSES,Identity Theft,2020,9598
LARCENY-THEFT,Theft From Motor Vehicle,2021,9309
LARCENY-THEFT,Theft From Motor Vehicle,2020,9164
LARCENY-THEFT,Theft From Motor Vehicle,2012,9130
LARCENY-THEFT,Theft From Motor Vehicle,2022,8981
BURGLARY/BREAKING&ENTERING,Burglary/Breaking & Entering,2022,8771
BURGLARY/BREAKING&ENTERING,Burglary/Breaking & Entering,2018,8107
BURGLARY/BREAKING&ENTERING,Burglary/Breaking & Entering,2017,7802
BURGLARY/BREAKING&ENTERING,Burglary/Breaking & Entering,2019,7718
BURGLARY/BREAKING&ENTERING,Burglary/Breaking & Entering,2015,7566
BURGLARY/BREAKING&ENTERING,Burglary/Breaking & Entering,2016,7524
BURGLARY/BREAKING&ENTERING,Burglary/Breaking & Entering,2013,7308
DESTRUCTION/DAMAGE/VANDALISM OF PROPERTY,Destruction/Damage/Vandalism of Property,2021,7303
DESTRUCTION/DAMAGE/VANDALISM OF PROPERTY,Destruction/Damage/Vandalism of Property,2022,7280
BURGLARY/BREAKING&ENTERING,Burglary/Breaking & Entering,2014,7133
DESTRUCTION/DAMAGE/VANDALISM OF PROPERTY,Destruction/Damage/Vandalism of Property,2008,7050
MOTOR VEHICLE THEFT,Motor Vehicle Theft,2022,6937
LARCENY-THEFT,All Other Larceny,2022,6784
BURGLARY/BREAKING&ENTERING,Burglary/Breaking & Entering,2011,6772
LARCENY-THEFT,All Other Larceny,2019,6716
DESTRUCTION/DAMAGE/VANDALISM OF PROPERTY,Destruction/Damage/Vandalism of Property,2020,6683
DESTRUCTION/DAMAGE/VANDALISM OF PROPERTY,Destruction/Damage/Vandalism of Property,2018,6663
DESTRUCTION/DAMAGE/VANDALISM OF PROPERTY,Destruction/Damage/Vandalism of Property,2017,6643
BURGLARY/BREAKING&ENTERING,Burglary/Breaking & Entering,2009,6641
BURGLARY/BREAKING&ENTERING,Burglary/Breaking & Entering,2008,6551
BURGLARY/BREAKING&ENTERING,Burglary/Breaking & Entering,2012,6525
LARCENY-THEFT,All Other Larceny,2018,6499
BURGLARY/BREAKING&ENTERING,Burglary/Breaking & Entering,2010,6448
LARCENY-THEFT,Theft of Motor Vehicle Parts or Accessories,2022,6419
LARCENY-THEFT,All Other Larceny,2014,6385
DESTRUCTION/DAMAGE/VANDALISM OF PROPERTY,Destruction/Damage/Vandalism of Property,2009,6375
DESTRUCTION/DAMAGE/VANDALISM OF PROPERTY,Destruction/Damage/Vandalism of Property,2016,6318
LARCENY-THEFT,All Other Larceny,2021,6289
LARCENY-THEFT,All Other Larceny,2020,6152
LARCENY-THEFT,All Other Larceny,2015,6142
ASSAULT OFFENSES,Simple Assault,2018,6091
LARCENY-THEFT,All Other Larceny,2013,6054
DESTRUCTION/DAMAGE/VANDALISM OF PROPERTY,Destruction/Damage/Vandalism of Property,2010,5994
DESTRUCTION/DAMAGE/VANDALISM OF PROPERTY,Destruction/Damage/Vandalism of Property,2015,5976
LARCENY-THEFT,All Other Larceny,2017,5945
DESTRUCTION/DAMAGE/VANDALISM OF PROPERTY,Destruction/Damage/Vandalism of Property,2019,5821
DESTRUCTION/DAMAGE/VANDALISM OF PROPERTY,Destruction/Damage/Vandalism of Property,2014,5766
LARCENY-THEFT,Theft of Motor Vehicle Parts or Accessories,2021,5764
DESTRUCTION/DAMAGE/VANDALISM OF PROPERTY,Destruction/Damage/Vandalism of Property,2011,5723
DESTRUCTION/DAMAGE/VANDALISM OF PROPERTY,Destruction/Damage/Vandalism of Property,2013,5718
DESTRUCTION/DAMAGE/VANDALISM OF PROPERTY,Destruction/Damage/Vandalism of Property,2012,5662
ASSAULT OFFENSES,Simple Assault,2017,5628
ASSAULT OFFENSES,Simple Assault,2019,5602
LARCENY-THEFT,All Other Larceny,2016,5588
ASSAULT OFFENSES,Simple Assault,2008,5515
MOTOR VEHICLE THEFT,Motor Vehicle Theft,2014,5494
ASSAULT OFFENSES,Simple Assault,2016,5464
LARCENY-THEFT,All Other Larceny,2012,5348
MOTOR VEHICLE THEFT,Motor Vehicle Theft,2021,5313
ASSAULT OFFENSES,Simple Assault,2015,5278
LARCENY-THEFT,All Other Larceny,2011,5183
ASSAULT OFFENSES,Simple Assault,2010,5114
ASSAULT OFFENSES,Simple Assault,2022,5093
ASSAULT OFFENSES,Simple Assault,2009,5083
LARCENY-THEFT,Shoplifting,2018,5054
ASSAULT OFFENSES,Simple Assault,2014,5053
ASSAULT OFFENSES,Simple Assault,2011,5051
LARCENY-THEFT,All Other Larceny,2010,4994
ASSAULT OFFENSES,Simple Assault,2012,4971
MOTOR VEHICLE THEFT,Motor Vehicle Theft,2020,4941
ASSAULT OFFENSES,Simple Assault,2013,4888
LARCENY-THEFT,Shoplifting,2016,4817
ASSAULT OFFENSES,Simple Assault,2020,4767
LARCENY-THEFT,Shoplifting,2017,4762
ASSAULT OFFENSES,Simple Assault,2021,4699
LARCENY-THEFT,All Other Larceny,2008,4652
LARCENY-THEFT,All Other Larceny,2009,4472
LARCENY-THEFT,Shoplifting,2019,4460
LARCENY-THEFT,Shoplifting,2015,4423
TRESPASS OF REAL PROPERTY,Trespass of Real Property,2018,4408
LARCENY-THEFT,Shoplifting,2012,4401
LARCENY-THEFT,Shoplifting,2022,4331
LARCENY-THEFT,Shoplifting,2009,4328
LARCENY-THEFT,Shoplifting,2014,4294
MOTOR VEHICLE THEFT,Motor Vehicle Theft,2013,4252
LARCENY-THEFT,Shoplifting,2008,4209
MOTOR VEHICLE THEFT,Motor Vehicle Theft,2016,4187
MOTOR VEHICLE THEFT,Motor Vehicle Theft,2018,4094
LARCENY-THEFT,Shoplifting,2013,4084
MOTOR VEHICLE THEFT,Motor Vehicle Theft,2019,3994
LARCENY-THEFT,Shoplifting,2021,3951
TRESPASS OF REAL PROPERTY,Trespass of Real Property,2019,3921
TRESPASS OF REAL PROPERTY,Trespass of Real Property,2017,3910
MOTOR VEHICLE THEFT,Motor Vehicle Theft,2015,3872
MOTOR VEHICLE THEFT,Motor Vehicle Theft,2008,3850
MOTOR VEHICLE THEFT,Motor Vehicle Theft,2017,3709
MOTOR VEHICLE THEFT,Motor Vehicle Theft,2012,3681
LARCENY-THEFT,Shoplifting,2010,3641
MOTOR VEHICLE THEFT,Motor Vehicle Theft,2010,3589
ASSAULT OFFENSES,Aggravated Assault,2022,3512
MOTOR VEHICLE THEFT,Motor Vehicle Theft,2011,3446
LARCENY-THEFT,Shoplifting,2011,3415
MOTOR VEHICLE THEFT,Motor Vehicle Theft,2009,3396
ASSAULT OFFENSES,Aggravated Assault,2021,3329
LARCENY-THEFT,Shoplifting,2020,3210
LARCENY-THEFT,Theft of Motor Vehicle Parts or Accessories,2020,3163
ASSAULT OFFENSES,Intimidation,2021,3045
ASSAULT OFFENSES,Intimidation,2020,2919
DRUG/NARCOTIC OFFENSES,Drug/Narcotic Violations,2008,2875
ASSAULT OFFENSES,Intimidation,2019,2861
TRESPASS OF REAL PROPERTY,Trespass of Real Property,2016,2826
ASSAULT OFFENSES,Intimidation,2022,2806
ASSAULT OFFENSES,Aggravated Assault,2018,2748
ASSAULT OFFENSES,Aggravated Assault,2019,2732
FRAUD OFFENSES,Impersonation,2014,2721
ASSAULT OFFENSES,Aggravated Assault,2020,2684
TRESPASS OF REAL PROPERTY,Trespass of Real Property,2020,2640
ASSAULT OFFENSES,Aggravated Assault,2017,2543
ASSAULT OFFENSES,Intimidation,2018,2473
LARCENY-THEFT,Theft From Building,2019,2340
DRUG/NARCOTIC OFFENSES,Drug/Narcotic Violations,2010,2317
ASSAULT OFFENSES,Intimidation,2009,2293
ASSAULT OFFENSES,Aggravated Assault,2016,2216
DRUG/NARCOTIC OFFENSES,Drug/Narcotic Violations,2009,2196
TRESPASS OF REAL PROPERTY,Trespass of Real Property,2015,2188
ASSAULT OFFENSES,Intimidation,2010,2187
ASSAULT OFFENSES,Intimidation,2017,2136
DRUG/NARCOTIC OFFENSES,Drug/Narcotic Violations,2017,2131
LARCENY-THEFT,Theft From Building,2017,2127
ASSAULT OFFENSES,Aggravated Assault,2015,2106
ASSAULT OFFENSES,Intimidation,2016,2097
LARCENY-THEFT,Theft From Building,2022,2081
TRESPASS OF REAL PROPERTY,Trespass of Real Property,2022,2058
ASSAULT OFFENSES,Intimidation,2008,2050
ASSAULT OFFENSES,Aggravated Assault,2014,2020
ASSAULT OFFENSES,Intimidation,2011,2009
ASSAULT OFFENSES,Intimidation,2015,2009
DRUG/NARCOTIC OFFENSES,Drug/Narcotic Violations,2018,1976
FRAUD OFFENSES,Credit Card/Automated Teller Machine Fraud,2010,1969
LARCENY-THEFT,Theft From Building,2015,1956
LARCENY-THEFT,Theft From Building,2014,1955
LARCENY-THEFT,Theft of Motor Vehicle Parts or Accessories,2008,1953
LARCENY-THEFT,Theft From Building,2018,1951
ASSAULT OFFENSES,Intimidation,2014,1936
LARCENY-THEFT,Theft From Building,2016,1932
ASSAULT OFFENSES,Aggravated Assault,2012,1930
LARCENY-THEFT,Theft From Building,2010,1921
LARCENY-THEFT,Theft From Building,2013,1916
LARCENY-THEFT,Theft From Building,2012,1872
ASSAULT OFFENSES,Intimidation,2013,1856
LARCENY-THEFT,Theft From Building,2011,1851
ASSAULT OFFENSES,Intimidation,2012,1835
TRESPASS OF REAL PROPERTY,Trespass of Real Property,2021,1825
LARCENY-THEFT,Theft From Building,2021,1823
LARCENY-THEFT,Theft of Motor Vehicle Parts or Accessories,2010,1802
ROBBERY,Robbery,2009,1795
ASSAULT OFFENSES,Aggravated Assault,2013,1790
ASSAULT OFFENSES,Aggravated Assault,2011,1783
ROBBERY,Robbery,2022,1761
ROBBERY,Robbery,2021,1754
ASSAULT OFFENSES,Aggravated Assault,2010,1734
LARCENY-THEFT,Theft of Motor Vehicle Parts or Accessories,2009,1724
ASSAULT OFFENSES,Aggravated Assault,2009,1722
LARCENY-THEFT,Theft From Building,2009,1721
ROBBERY,Robbery,2018,1702
DRUG/NARCOTIC OFFENSES,Drug/Narcotic Violations,2011,1689
ROBBERY,Robbery,2008,1667
LARCENY-THEFT,Theft From Building,2008,1643
LARCENY-THEFT,Theft From Building,2020,1641
DRUG/NARCOTIC OFFENSES,Drug/Narcotic Violations,2016,1634
ROBBERY,Robbery,2013,1602
ROBBERY,Robbery,2014,1580
DRUG/NARCOTIC OFFENSES,Drug/Narcotic Violations,2012,1569
LARCENY-THEFT,Theft of Motor Vehicle Parts or Accessories,2011,1568
ROBBERY,Robbery,2019,1555
ROBBERY,Robbery,2016,1555
ROBBERY,Robbery,2015,1546
ROBBERY,Robbery,2017,1539
FRAUD OFFENSES,Credit Card/Automated Teller Machine Fraud,2009,1533
LARCENY-THEFT,Theft of Motor Vehicle Parts or Accessories,2014,1527
DRUG/NARCOTIC OFFENSES,Drug/Narcotic Violations,2019,1521
DRIVING UNDER THE INFLUENCE,Driving Under the Influence,2011,1506
FRAUD OFFENSES,Credit Card/Automated Teller Machine Fraud,2008,1493
ROBBERY,Robbery,2020,1492
FRAUD OFFENSES,Impersonation,2015,1486
FRAUD OFFENSES,Credit Card/Automated Teller Machine Fraud,2017,1465
ROBBERY,Robbery,2012,1447
LARCENY-THEFT,Theft of Motor Vehicle Parts or Accessories,2019,1445
LARCENY-THEFT,Theft of Motor Vehicle Parts or Accessories,2018,1445
ASSAULT OFFENSES,Aggravated Assault,2008,1442
DRUG/NARCOTIC OFFENSES,Drug/Narcotic Violations,2015,1434
LARCENY-THEFT,Theft of Motor Vehicle Parts or Accessories,2013,1433
ROBBERY,Robbery,2010,1428
LARCENY-THEFT,Theft of Motor Vehicle Parts or Accessories,2016,1425
ROBBERY,Robbery,2011,1420
FRAUD OFFENSES,Credit Card/Automated Teller Machine Fraud,2015,1419
DRIVING UNDER THE INFLUENCE,Driving Under the Influence,2019,1407
LARCENY-THEFT,Theft of Motor Vehicle Parts or Accessories,2017,1403
DRIVING UNDER THE INFLUENCE,Driving Under the Influence,2018,1393
DRIVING UNDER THE INFLUENCE,Driving Under the Influence,2017,1378
FRAUD OFFENSES,Credit Card/Automated Teller Machine Fraud,2012,1377
FRAUD OFFENSES,Credit Card/Automated Teller Machine Fraud,2018,1376
TRESPASS OF REAL PROPERTY,Trespass of Real Property,2014,1371
FRAUD OFFENSES,Credit Card/Automated Teller Machine Fraud,2016,1370
FRAUD OFFENSES,Credit Card/Automated Teller Machine Fraud,2013,1370
DRUG/NARCOTIC OFFENSES,Drug/Narcotic Violations,2013,1341
DRIVING UNDER THE INFLUENCE,Driving Under the Influence,2010,1302
DRIVING UNDER THE INFLUENCE,Driving Under the Influence,2022,1300
TRESPASS OF REAL PROPERTY,Trespass of Real Property,2008,1280
LARCENY-THEFT,Theft of Motor Vehicle Parts or Accessories,2012,1277
DRIVING UNDER THE INFLUENCE,Driving Under the Influence,2012,1274
FRAUD OFFENSES,Impersonation,2016,1244
DRIVING UNDER THE INFLUENCE,Driving Under the Influence,2009,1239
TRESPASS OF REAL PROPERTY,Trespass of Real Property,2013,1233
FRAUD OFFENSES,Credit Card/Automated Teller Machine Fraud,2011,1209
FRAUD OFFENSES,Credit Card/Automated Teller Machine Fraud,2014,1199
FRAUD OFFENSES,Credit Card/Automated Teller Machine Fraud,2019,1178
TRESPASS OF REAL PROPERTY,Trespass of Real Property,2009,1174
LARCENY-THEFT,Theft of Motor Vehicle Parts or Accessories,2015,1168
DRIVING UNDER THE INFLUENCE,Driving Under the Influence,2016,1167
TRESPASS OF REAL PROPERTY,Trespass of Real Property,2010,1164
FRAUD OFFENSES,Impersonation,2017,1149
FRAUD OFFENSES,False Pretenses/Swindle/Confidence Game,2018,1122
DRIVING UNDER THE INFLUENCE,Driving Under the Influence,2013,1109
DRIVING UNDER THE INFLUENCE,Driving Under the Influence,2008,1066
DRUG/NARCOTIC OFFENSES,Drug/Narcotic Violations,2014,1038
DRIVING UNDER THE INFLUENCE,Driving Under the Influence,2015,1026
FRAUD OFFENSES,False Pretenses/Swindle/Confidence Game,2017,1015
DRIVING UNDER THE INFLUENCE,Driving Under the Influence,2014,1013
BAD CHECKS,Bad Checks,2009,1002
DRIVING UNDER THE INFLUENCE,Driving Under the Influence,2020,996
DRIVING UNDER THE INFLUENCE,Driving Under the Influence,2021,992
"FAMILY OFFENSES, NONVIOLENT","Family Offenses, Nonviolent",2015,976
BURGLARY/BREAKING&ENTERING,Burglary/Breaking & Entering,2023,970
FRAUD OFFENSES,False Pretenses/Swindle/Confidence Game,2019,969
TRESPASS OF REAL PROPERTY,Trespass of Real Property,2012,955
FRAUD OFFENSES,Impersonation,2008,949
"FAMILY OFFENSES, NONVIOLENT","Family Offenses, Nonviolent",2010,943
TRESPASS OF REAL PROPERTY,Trespass of Real Property,2011,939
MOTOR VEHICLE THEFT,Motor Vehicle Theft,2023,939
FRAUD OFFENSES,Impersonation,2018,938
DRUG/NARCOTIC OFFENSES,Drug/Narcotic Violations,2020,937
FRAUD OFFENSES,Identity Theft,2021,930
"FAMILY OFFENSES, NONVIOLENT","Family Offenses, Nonviolent",2017,921
"FAMILY OFFENSES, NONVIOLENT","Family Offenses, Nonviolent",2014,916
LARCENY-THEFT,Theft From Motor Vehicle,2023,915
"FAMILY OFFENSES, NONVIOLENT","Family Offenses, Nonviolent",2011,912
"FAMILY OFFENSES, NONVIOLENT","Family Offenses, Nonviolent",2018,908
"FAMILY OFFENSES, NONVIOLENT","Family Offenses, Nonviolent",2009,907
"FAMILY OFFENSES, NONVIOLENT","Family Offenses, Nonviolent",2016,901
FRAUD OFFENSES,Identity Theft,2022,900
FRAUD OFFENSES,False Pretenses/Swindle/Confidence Game,2014,887
STOLEN PROPERTY OFFENSES,Stolen Property Offenses,2022,883
FRAUD OFFENSES,False Pretenses/Swindle/Confidence Game,2016,875
"FAMILY OFFENSES, NONVIOLENT","Family Offenses, Nonviolent",2013,838
FRAUD OFFENSES,False Pretenses/Swindle/Confidence Game,2013,835
WEAPON LAW VIOLATIONS,Weapon Law Violations,2018,835
FRAUD OFFENSES,False Pretenses/Swindle/Confidence Game,2015,830
WEAPON LAW VIOLATIONS,Weapon Law Violations,2022,829
DESTRUCTION/DAMAGE/VANDALISM OF PROPERTY,Destruction/Damage/Vandalism of Property,2023,823
FRAUD OFFENSES,Impersonation,2013,805
FRAUD OFFENSES,Credit Card/Automated Teller Machine Fraud,2020,805
"FAMILY OFFENSES, NONVIOLENT","Family Offenses, Nonviolent",2008,792
WEAPON LAW VIOLATIONS,Weapon Law Violations,2017,784
FRAUD OFFENSES,Impersonation,2010,784
BAD CHECKS,Bad Checks,2010,775
"FAMILY OFFENSES, NONVIOLENT","Family Offenses, Nonviolent",2012,757
WEAPON LAW VIOLATIONS,Weapon Law Violations,2008,755
FRAUD OFFENSES,Credit Card/Automated Teller Machine Fraud,2022,733
WEAPON LAW VIOLATIONS,Weapon Law Violations,2015,707
STOLEN PROPERTY OFFENSES,Stolen Property Offenses,2018,706
LARCENY-THEFT,All Other Larceny,2023,694
FRAUD OFFENSES,Impersonation,2009,674
WEAPON LAW VIOLATIONS,Weapon Law Violations,2016,664
FRAUD OFFENSES,Credit Card/Automated Teller Machine Fraud,2021,662
FRAUD OFFENSES,False Pretenses/Swindle/Confidence Game,2012,661
FRAUD OFFENSES,False Pretenses/Swindle/Confidence Game,2008,660
BAD CHECKS,Bad Checks,2008,654
WEAPON LAW VIOLATIONS,Weapon Law Violations,2019,653
DRUG/NARCOTIC OFFENSES,Drug/Narcotic Violations,2022,653
LARCENY-THEFT,Theft of Motor Vehicle Parts or Accessories,2023,644
FRAUD OFFENSES,False Pretenses/Swindle/Confidence Game,2009,630
FRAUD OFFENSES,Impersonation,2012,624
STOLEN PROPERTY OFFENSES,Stolen Property Offenses,2019,623
STOLEN PROPERTY OFFENSES,Stolen Property Offenses,2020,620
WEAPON LAW VIOLATIONS,Weapon Law Violations,2020,618
STOLEN PROPERTY OFFENSES,Stolen Property Offenses,2021,617
WEAPON LAW VIOLATIONS,Weapon Law Violations,2011,610
FRAUD OFFENSES,False Pretenses/Swindle/Confidence Game,2022,609
WEAPON LAW VIOLATIONS,Weapon Law Violations,2009,603
FRAUD OFFENSES,False Pretenses/Swindle/Confidence Game,2020,598
FRAUD OFFENSES,Identity Theft,2019,590
WEAPON LAW VIOLATIONS,Weapon Law Violations,2010,580
WEAPON LAW VIOLATIONS,Weapon Law Violations,2021,578
FRAUD OFFENSES,Impersonation,2011,572
ASSAULT OFFENSES,Simple Assault,2023,571
FRAUD OFFENSES,False Pretenses/Swindle/Confidence Game,2011,565
FRAUD OFFENSES,Wire Fraud,2021,560
BAD CHECKS,Bad Checks,2011,551
DRUG/NARCOTIC OFFENSES,Drug Equipment Violations,2010,551
FRAUD OFFENSES,False Pretenses/Swindle/Confidence Game,2010,539
WEAPON LAW VIOLATIONS,Weapon Law Violations,2013,537
PROSTITUTION OFFENSES,Prostitution,2010,537
BAD CHECKS,Bad Checks,2012,523
WEAPON LAW VIOLATIONS,Weapon Law Violations,2012,517
BAD CHECKS,Bad Checks,2014,517
FRAUD OFFENSES,Wire Fraud,2020,505
DRUG/NARCOTIC OFFENSES,Drug Equipment Violations,2009,499
STOLEN PROPERTY OFFENSES,Stolen Property Offenses,2017,494
WEAPON LAW VIOLATIONS,Weapon Law Violations,2014,492
BAD CHECKS,Bad Checks,2016,486
BAD CHECKS,Bad Checks,2017,483
DRUG/NARCOTIC OFFENSES,Drug Equipment Violations,2008,480
COUNTERFEITING/FORGERY,Counterfeiting/Forgery,2018,469
BAD CHECKS,Bad Checks,2013,466
BAD CHECKS,Bad Checks,2015,460
FRAUD OFFENSES,Impersonation,2019,455
DRUG/NARCOTIC OFFENSES,Drug Equipment Violations,2012,441
FRAUD OFFENSES,False Pretenses/Swindle/Confidence Game,2021,440
COUNTERFEITING/FORGERY,Counterfeiting/Forgery,2019,431
COUNTERFEITING/FORGERY,Counterfeiting/Forgery,2015,423
PROSTITUTION OFFENSES,Prostitution,2016,423
BAD CHECKS,Bad Checks,2018,418
LIQUOR LAW VIOLATIONS,Liquor Law Violations,2009,418
PROSTITUTION OFFENSES,Prostitution,2011,410
LIQUOR LAW VIOLATIONS,Liquor Law Violations,2008,394
STOLEN PROPERTY OFFENSES,Stolen Property Offenses,2016,386
FRAUD OFFENSES,Wire Fraud,2022,384
COUNTERFEITING/FORGERY,Counterfeiting/Forgery,2020,383
DRUG/NARCOTIC OFFENSES,Drug Equipment Violations,2011,374
LARCENY-THEFT,Shoplifting,2023,368
COUNTERFEITING/FORGERY,Counterfeiting/Forgery,2013,367
COUNTERFEITING/FORGERY,Counterfeiting/Forgery,2014,365
PROSTITUTION OFFENSES,Prostitution,2017,363
DRUG/NARCOTIC OFFENSES,Drug Equipment Violations,2013,362
DRUG/NARCOTIC OFFENSES,Drug/Narcotic Violations,2021,357
LARCENY-THEFT,Pocket-picking,2009,356
LIQUOR LAW VIOLATIONS,Liquor Law Violations,2010,353
COUNTERFEITING/FORGERY,Counterfeiting/Forgery,2008,350
ASSAULT OFFENSES,Intimidation,2023,347
COUNTERFEITING/FORGERY,Counterfeiting/Forgery,2016,346
COUNTERFEITING/FORGERY,Counterfeiting/Forgery,2009,341
ASSAULT OFFENSES,Aggravated Assault,2023,340
"FAMILY OFFENSES, NONVIOLENT","Family Offenses, Nonviolent",2019,337
STOLEN PROPERTY OFFENSES,Stolen Property Offenses,2015,336
COUNTERFEITING/FORGERY,Counterfeiting/Forgery,2012,332
COUNTERFEITING/FORGERY,Counterfeiting/Forgery,2011,317
COUNTERFEITING/FORGERY,Counterfeiting/Forgery,2021,317
PROSTITUTION OFFENSES,Prostitution,2015,315
COUNTERFEITING/FORGERY,Counterfeiting/Forgery,2017,315
SEX OFFENSES,Fondling,2018,304
PROSTITUTION OFFENSES,Prostitution,2009,304
FRAUD OFFENSES,Wire Fraud,2018,296
SEX OFFENSES,Rape,2019,295
FRAUD OFFENSES,Wire Fraud,2019,282
PROSTITUTION OFFENSES,Prostitution,2014,280
PROSTITUTION OFFENSES,Prostitution,2008,273
SEX OFFENSES,Fondling,2019,270
COUNTERFEITING/FORGERY,Counterfeiting/Forgery,2010,259
STOLEN PROPERTY OFFENSES,Stolen Property Offenses,2008,257
LARCENY-THEFT,Pocket-picking,2014,256
SEX OFFENSES,Fondling,2017,254
LARCENY-THEFT,Pocket-picking,2008,247
STOLEN PROPERTY OFFENSES,Stolen Property Offenses,2014,247
STOLEN PROPERTY OFFENSES,Stolen Property Offenses,2013,246
STOLEN PROPERTY OFFENSES,Stolen Property Offenses,2011,245
LARCENY-THEFT,Pocket-picking,2019,242
FRAUD OFFENSES,Wire Fraud,2017,240
PROSTITUTION OFFENSES,Prostitution,2012,238
STOLEN PROPERTY OFFENSES,Stolen Property Offenses,2010,235
COUNTERFEITING/FORGERY,Counterfeiting/Forgery,2022,235
ARSON,Arson,2021,232
LARCENY-THEFT,Pocket-picking,2010,232
BAD CHECKS,Bad Checks,2019,229
LARCENY-THEFT,Pocket-picking,2013,228
STOLEN PROPERTY OFFENSES,Stolen Property Offenses,2009,225
LARCENY-THEFT,Theft From Building,2023,224
EMBEZZLEMENT,Embezzlement,2008,219
LARCENY-THEFT,Pocket-picking,2018,218
SEX OFFENSES,Fondling,2022,216
SEX OFFENSES,Rape,2018,214
DRUG/NARCOTIC OFFENSES,Drug Equipment Violations,2016,213
STOLEN PROPERTY OFFENSES,Stolen Property Offenses,2012,211
SEX OFFENSES,Rape,2020,211
SEX OFFENSES,Fondling,2015,210
SEX OFFENSES,Fondling,2021,208
TRESPASS OF REAL PROPERTY,Trespass of Real Property,2023,206
KIDNAPPING/ABDUCTION,Kidnapping/Abduction,2022,206
SEX OFFENSES,Fondling,2016,205
LARCENY-THEFT,Pocket-picking,2011,205
LARCENY-THEFT,Pocket-picking,2015,203
SEX OFFENSES,Fondling,2020,202
SEX OFFENSES,Rape,2021,201
SEX OFFENSES,Rape,2022,198
SEX OFFENSES,Fondling,2009,197
SEX OFFENSES,Rape,2016,196
DRUG/NARCOTIC OFFENSES,Drug Equipment Violations,2017,196
PROSTITUTION OFFENSES,Prostitution,2013,195
DRUG/NARCOTIC OFFENSES,Drug Equipment Violations,2014,194
LIQUOR LAW VIOLATIONS,Liquor Law Violations,2011,193
SEX OFFENSES,Rape,2017,191
SEX OFFENSES,Fondling,2010,191
LARCENY-THEFT,Pocket-picking,2016,190
DRUG/NARCOTIC OFFENSES,Drug Equipment Violations,2018,186
KIDNAPPING/ABDUCTION,Kidnapping/Abduction,2021,185
LIQUOR LAW VIOLATIONS,Liquor Law Violations,2012,184
EMBEZZLEMENT,Embezzlement,2015,182
ROBBERY,Robbery,2023,182
ARSON,Arson,2022,181
DRUG/NARCOTIC OFFENSES,Drug Equipment Violations,2015,180
DRIVING UNDER THE INFLUENCE,Driving Under the Influence,2023,178
EMBEZZLEMENT,Embezzlement,2009,177
LARCENY-THEFT,Pocket-picking,2017,177
LARCENY-THEFT,Pocket-picking,2012,174
SEX OFFENSES,Fondling,2011,172
FRAUD OFFENSES,Wire Fraud,2016,172
SEX OFFENSES,Fondling,2012,167
EMBEZZLEMENT,Embezzlement,2014,167
ARSON,Arson,2020,166
SEX OFFENSES,Fondling,2008,166
EMBEZZLEMENT,Embezzlement,2016,156
SEX OFFENSES,Fondling,2014,154
FRAUD OFFENSES,Wire Fraud,2015,151
ARSON,Arson,2017,150
ARSON,Arson,2009,148
LIQUOR LAW VIOLATIONS,Liquor Law Violations,2013,148
FRAUD OFFENSES,Identity Theft,2023,147
SEX OFFENSES,Fondling,2013,143
EMBEZZLEMENT,Embezzlement,2017,143
EMBEZZLEMENT,Embezzlement,2010,138
EMBEZZLEMENT,Embezzlement,2013,138
EMBEZZLEMENT,Embezzlement,2012,133
PROSTITUTION OFFENSES,Prostitution,2019,132
SEX OFFENSES,Rape,2008,130
KIDNAPPING/ABDUCTION,Kidnapping/Abduction,2020,130
SEX OFFENSES,Rape,2014,127
EMBEZZLEMENT,Embezzlement,2011,127
LIQUOR LAW VIOLATIONS,Liquor Law Violations,2014,125
FRAUD OFFENSES,Impersonation,2020,125
CURFEW/LOITERING/VAGRANCY VIOLATIONS,Curfew/Loitering/Vagrancy Violations,2010,125
KIDNAPPING/ABDUCTION,Kidnapping/Abduction,2019,125
CURFEW/LOITERING/VAGRANCY VIOLATIONS,Curfew/Loitering/Vagrancy Violations,2009,121
EMBEZZLEMENT,Embezzlement,2018,120
DRUG/NARCOTIC OFFENSES,Drug Equipment Violations,2019,119
FRAUD OFFENSES,Impersonation,2021,117
SEX OFFENSES,Sodomy,2022,116
EXTORTION/BLACKMAIL,Extortion/Blackmail,2022,116
SEX OFFENSES,Rape,2012,115
EXTORTION/BLACKMAIL,Extortion/Blackmail,2021,113
ARSON,Arson,2010,113
PROSTITUTION OFFENSES,Prostitution,2018,112
ARSON,Arson,2018,112
LIQUOR LAW VIOLATIONS,Liquor Law Violations,2015,111
SEX OFFENSES,Rape,2015,111
ARSON,Arson,2019,111
FRAUD OFFENSES,Wire Fraud,2012,110
LIQUOR LAW VIOLATIONS,Liquor Law Violations,2016,110
EXTORTION/BLACKMAIL,Extortion/Blackmail,2020,107
SEX OFFENSES,Rape,2009,106
FRAUD OFFENSES,Wire Fraud,2013,106
EMBEZZLEMENT,Embezzlement,2019,104
EXTORTION/BLACKMAIL,Extortion/Blackmail,2018,104
CURFEW/LOITERING/VAGRANCY VIOLATIONS,Curfew/Loitering/Vagrancy Violations,2008,103
FRAUD OFFENSES,Credit Card/Automated Teller Machine Fraud,2023,103
FRAUD OFFENSES,Wire Fraud,2014,103
LARCENY-THEFT,Pocket-picking,2022,103
ARSON,Arson,2016,102
SEX OFFENSES,Rape,2013,102
LARCENY-THEFT,Purse-snatching,2008,99
SEX OFFENSES,Rape,2011,97
STOLEN PROPERTY OFFENSES,Stolen Property Offenses,2023,95
EXTORTION/BLACKMAIL,Extortion/Blackmail,2019,93
ARSON,Arson,2015,92
SEX OFFENSES,Sodomy,2021,92
SEX OFFENSES,Rape,2010,89
LIQUOR LAW VIOLATIONS,Liquor Law Violations,2017,89
ARSON,Arson,2013,87
PROSTITUTION OFFENSES,Purchasing Prostitution,2019,86
DRUG/NARCOTIC OFFENSES,Drug/Narcotic Violations,2023,85
ARSON,Arson,2008,85
WEAPON LAW VIOLATIONS,Weapon Law Violations,2023,84
LIQUOR LAW VIOLATIONS,Liquor Law Violations,2018,82
ARSON,Arson,2011,82
SEX OFFENSES,Sodomy,2019,81
LARCENY-THEFT,Purse-snatching,2009,81
SEX OFFENSES,Sodomy,2018,80
KIDNAPPING/ABDUCTION,Kidnapping/Abduction,2018,80
FRAUD OFFENSES,Wire Fraud,2011,80
EXTORTION/BLACKMAIL,Extortion/Blackmail,2017,80
LARCENY-THEFT,Pocket-picking,2021,78
EMBEZZLEMENT,Embezzlement,2020,77
LARCENY-THEFT,Pocket-picking,2020,77
KIDNAPPING/ABDUCTION,Kidnapping/Abduction,2017,77
CURFEW/LOITERING/VAGRANCY VIOLATIONS,Curfew/Loitering/Vagrancy Violations,2011,76
"FAMILY OFFENSES, NONVIOLENT","Family Offenses, Nonviolent",2022,76
ARSON,Arson,2012,75
FRAUD OFFENSES,False Pretenses/Swindle/Confidence Game,2023,75
SEX OFFENSES,Sodomy,2020,75
FRAUD OFFENSES,Impersonation,2022,74
ARSON,Arson,2014,72
FRAUD OFFENSES,Hacking/Computer Invasion,2021,71
FRAUD OFFENSES,Hacking/Computer Invasion,2022,71
LIQUOR LAW VIOLATIONS,Liquor Law Violations,2019,69
DRUG/NARCOTIC OFFENSES,Drug Equipment Violations,2020,69
EXTORTION/BLACKMAIL,Extortion/Blackmail,2016,68
"FAMILY OFFENSES, NONVIOLENT","Family Offenses, Nonviolent",2021,66
CURFEW/LOITERING/VAGRANCY VIOLATIONS,Curfew/Loitering/Vagrancy Violations,2018,64
FRAUD OFFENSES,Hacking/Computer Invasion,2020,64
CURFEW/LOITERING/VAGRANCY VIOLATIONS,Curfew/Loitering/Vagrancy Violations,2016,62
LARCENY-THEFT,Purse-snatching,2011,61
PORNOGRAPHY/OBSCENE MATERIAL,Pornography/Obscene Material,2019,60
SEX OFFENSES,Sodomy,2017,60
CURFEW/LOITERING/VAGRANCY VIOLATIONS,Curfew/Loitering/Vagrancy Violations,2017,60
CURFEW/LOITERING/VAGRANCY VIOLATIONS,Curfew/Loitering/Vagrancy Violations,2013,58
KIDNAPPING/ABDUCTION,Kidnapping/Abduction,2016,58
KIDNAPPING/ABDUCTION,Kidnapping/Abduction,2012,57
FRAUD OFFENSES,Wire Fraud,2010,56
FRAUD OFFENSES,Hacking/Computer Invasion,2019,55
KIDNAPPING/ABDUCTION,Kidnapping/Abduction,2008,55
KIDNAPPING/ABDUCTION,Kidnapping/Abduction,2014,55
LARCENY-THEFT,Purse-snatching,2010,55
CURFEW/LOITERING/VAGRANCY VIOLATIONS,Curfew/Loitering/Vagrancy Violations,2012,55
KIDNAPPING/ABDUCTION,Kidnapping/Abduction,2009,54
FRAUD OFFENSES,Wire Fraud,2008,54
EMBEZZLEMENT,Embezzlement,2021,53
SEX OFFENSES,Sodomy,2016,53
PORNOGRAPHY/OBSCENE MATERIAL,Pornography/Obscene Material,2022,53
HOMICIDE OFFENSES,Murder & Nonnegligent Manslaughter,2022,51
SEX OFFENSES,Sexual Assault With An Object,2019,51
LARCENY-THEFT,Purse-snatching,2019,50
SEX OFFENSES,Sexual Assault With An Object,2021,50
FRAUD OFFENSES,Wire Fraud,2009,49
SEX OFFENSES,Sexual Assault With An Object,2020,48
KIDNAPPING/ABDUCTION,Kidnapping/Abduction,2011,48
HOMICIDE OFFENSES,Murder & Nonnegligent Manslaughter,2020,48
CURFEW/LOITERING/VAGRANCY VIOLATIONS,Curfew/Loitering/Vagrancy Violations,2015,47
LARCENY-THEFT,Purse-snatching,2012,47
CURFEW/LOITERING/VAGRANCY VIOLATIONS,Curfew/Loitering/Vagrancy Violations,2019,46
LARCENY-THEFT,Theft From Coin-Operated Machine or Device,2018,46
KIDNAPPING/ABDUCTION,Kidnapping/Abduction,2013,46
COUNTERFEITING/FORGERY,Counterfeiting/Forgery,2023,45
KIDNAPPING/ABDUCTION,Kidnapping/Abduction,2010,45
"FAMILY OFFENSES, NONVIOLENT","Family Offenses, Nonviolent",2020,45
SEX OFFENSES,Sexual Assault With An Object,2022,45
PORNOGRAPHY/OBSCENE MATERIAL,Pornography/Obscene Material,2020,43
CURFEW/LOITERING/VAGRANCY VIOLATIONS,Curfew/Loitering/Vagrancy Violations,2014,42
EMBEZZLEMENT,Embezzlement,2022,42
BAD CHECKS,Bad Checks,2020,42
LARCENY-THEFT,Purse-snatching,2016,42
HOMICIDE OFFENSES,Murder & Nonnegligent Manslaughter,2021,41
ANIMAL CRUELTY,Animal Cruelty,2022,41
PORNOGRAPHY/OBSCENE MATERIAL,Pornography/Obscene Material,2018,40
KIDNAPPING/ABDUCTION,Kidnapping/Abduction,2015,40
ANIMAL CRUELTY,Animal Cruelty,2021,39
EXTORTION/BLACKMAIL,Extortion/Blackmail,2015,37
FRAUD OFFENSES,Wire Fraud,2023,37
DRUG/NARCOTIC OFFENSES,Drug Equipment Violations,2021,37
SEX OFFENSES,Sodomy,2012,36
LARCENY-THEFT,Purse-snatching,2013,36
LARCENY-THEFT,Purse-snatching,2017,36
BAD CHECKS,Bad Checks,2022,36
LARCENY-THEFT,Purse-snatching,2018,36
LARCENY-THEFT,Theft From Coin-Operated Machine or Device,2011,35
LARCENY-THEFT,Theft From Coin-Operated Machine or Device,2019,34
SEX OFFENSES,Sodomy,2013,34
LARCENY-THEFT,Theft From Coin-Operated Machine or Device,2008,34
PORNOGRAPHY/OBSCENE MATERIAL,Pornography/Obscene Material,2021,33
SEX OFFENSES,Fondling,2023,33
HOMICIDE OFFENSES,Murder & Nonnegligent Manslaughter,2019,32
PROSTITUTION OFFENSES,Assisting or Promoting Prostitution,2010,32
LARCENY-THEFT,Purse-snatching,2014,32
HOMICIDE OFFENSES,Murder & Nonnegligent Manslaughter,2018,32
PROSTITUTION OFFENSES,Assisting or Promoting Prostitution,2014,31
LARCENY-THEFT,Purse-snatching,2015,31
LARCENY-THEFT,Theft From Coin-Operated Machine or Device,2009,30
PROSTITUTION OFFENSES,Assisting or Promoting Prostitution,2016,30
PROSTITUTION OFFENSES,Purchasing Prostitution,2021,30
LIQUOR LAW VIOLATIONS,Liquor Law Violations,2020,29
PROSTITUTION OFFENSES,Assisting or Promoting Prostitution,2015,28
PROSTITUTION OFFENSES,Purchasing Prostitution,2022,28
BAD CHECKS,Bad Checks,2021,28
KIDNAPPING/ABDUCTION,Kidnapping/Abduction,2023,28
HOMICIDE OFFENSES,Murder & Nonnegligent Manslaughter,2008,28
SEX OFFENSES,Sodomy,2015,28
LARCENY-THEFT,Theft From Coin-Operated Machine or Device,2013,28
LARCENY-THEFT,Theft From Coin-Operated Machine or Device,2010,28
LARCENY-THEFT,Purse-snatching,2021,28
PROSTITUTION OFFENSES,Assisting or Promoting Prostitution,2008,27
HOMICIDE OFFENSES,Murder & Nonnegligent Manslaughter,2015,27
SEX OFFENSES,Sodomy,2014,27
EXTORTION/BLACKMAIL,Extortion/Blackmail,2008,27
HOMICIDE OFFENSES,Murder & Nonnegligent Manslaughter,2017,27
SEX OFFENSES,Sodomy,2011,27
LARCENY-THEFT,Purse-snatching,2020,26
PROSTITUTION OFFENSES,Assisting or Promoting Prostitution,2013,26
ANIMAL CRUELTY,Animal Cruelty,2020,26
EXTORTION/BLACKMAIL,Extortion/Blackmail,2012,25
PROSTITUTION OFFENSES,Assisting or Promoting Prostitution,2009,24
SEX OFFENSES,Rape,2023,24
LARCENY-THEFT,Theft From Coin-Operated Machine or Device,2020,24
LARCENY-THEFT,Theft From Coin-Operated Machine or Device,2017,24
HOMICIDE OFFENSES,Murder & Nonnegligent Manslaughter,2011,24
HOMICIDE OFFENSES,Murder & Nonnegligent Manslaughter,2012,23
HOMICIDE OFFENSES,Murder & Nonnegligent Manslaughter,2014,23
CURFEW/LOITERING/VAGRANCY VIOLATIONS,Curfew/Loitering/Vagrancy Violations,2020,23
PORNOGRAPHY/OBSCENE MATERIAL,Pornography/Obscene Material,2017,22
PEEPING TOM,Peeping Tom,2017,22
PORNOGRAPHY/OBSCENE MATERIAL,Pornography/Obscene Material,2013,22
PROSTITUTION OFFENSES,Purchasing Prostitution,2020,22
LARCENY-THEFT,Theft From Coin-Operated Machine or Device,2012,21
LARCENY-THEFT,Theft From Coin-Operated Machine or Device,2014,21
EXTORTION/BLACKMAIL,Extortion/Blackmail,2014,21
SEX OFFENSES,Sodomy,2023,20
HOMICIDE OFFENSES,Murder & Nonnegligent Manslaughter,2009,20
PORNOGRAPHY/OBSCENE MATERIAL,Pornography/Obscene Material,2008,20
EXTORTION/BLACKMAIL,Extortion/Blackmail,2009,20
DRUG/NARCOTIC OFFENSES,Drug Equipment Violations,2022,20
HOMICIDE OFFENSES,Murder & Nonnegligent Manslaughter,2016,20
PROSTITUTION OFFENSES,Assisting or Promoting Prostitution,2011,19
PROSTITUTION OFFENSES,Assisting or Promoting Prostitution,2017,19
ARSON,Arson,2023,19
EXTORTION/BLACKMAIL,Extortion/Blackmail,2010,19
ANIMAL CRUELTY,Animal Cruelty,2019,18
HOMICIDE OFFENSES,Murder & Nonnegligent Manslaughter,2013,18
EXTORTION/BLACKMAIL,Extortion/Blackmail,2013,18
LARCENY-THEFT,Theft From Coin-Operated Machine or Device,2015,18
SEX OFFENSES,Sexual Assault With An Object,2018,17
"SEX OFFENSES, CONSENSUAL",Statutory Rape,2009,17
PEEPING TOM,Peeping Tom,2019,17
LARCENY-THEFT,Purse-snatching,2022,17
PEEPING TOM,Peeping Tom,2018,16
PEEPING TOM,Peeping Tom,2013,16
LIQUOR LAW VIOLATIONS,Liquor Law Violations,2022,16
SEX OFFENSES,Sodomy,2008,16
HOMICIDE OFFENSES,Murder & Nonnegligent Manslaughter,2010,16
SEX OFFENSES,Sodomy,2009,16
HUMAN TRAFFICKING,"Human Trafficking, Commercial Sex Acts",2022,16
HUMAN TRAFFICKING,"Human Trafficking, Commercial Sex Acts",2019,16
"SEX OFFENSES, CONSENSUAL",Statutory Rape,2008,16
FRAUD OFFENSES,Welfare Fraud,2022,16
PROSTITUTION OFFENSES,Prostitution,2021,15
SEX OFFENSES,Sexual Assault With An Object,2017,15
PORNOGRAPHY/OBSCENE MATERIAL,Pornography/Obscene Material,2009,15
"SEX OFFENSES, CONSENSUAL",Statutory Rape,2017,15
PEEPING TOM,Peeping Tom,2020,15
PEEPING TOM,Peeping Tom,2015,14
LARCENY-THEFT,Theft From Coin-Operated Machine or Device,2022,14
PEEPING TOM,Peeping Tom,2011,14
"SEX OFFENSES, CONSENSUAL",Statutory Rape,2011,14
"SEX OFFENSES, CONSENSUAL",Statutory Rape,2010,14
LARCENY-THEFT,Theft From Coin-Operated Machine or Device,2016,14
"SEX OFFENSES, CONSENSUAL",Statutory Rape,2021,14
PORNOGRAPHY/OBSCENE MATERIAL,Pornography/Obscene Material,2015,14
PEEPING TOM,Peeping Tom,2012,13
CURFEW/LOITERING/VAGRANCY VIOLATIONS,Curfew/Loitering/Vagrancy Violations,2021,13
PEEPING TOM,Peeping Tom,2008,13
PROSTITUTION OFFENSES,Assisting or Promoting Prostitution,2019,13
PORNOGRAPHY/OBSCENE MATERIAL,Pornography/Obscene Material,2012,13
LARCENY-THEFT,Theft From Coin-Operated Machine or Device,2021,12
HUMAN TRAFFICKING,"Human Trafficking, Commercial Sex Acts",2020,12
SEX OFFENSES,Sexual Assault With An Object,2013,12
FRAUD OFFENSES,Impersonation,2023,12
SEX OFFENSES,Sexual Assault With An Object,2023,12
PROSTITUTION OFFENSES,Assisting or Promoting Prostitution,2012,11
FRAUD OFFENSES,Welfare Fraud,2020,11
PORNOGRAPHY/OBSCENE MATERIAL,Pornography/Obscene Material,2011,11
PORNOGRAPHY/OBSCENE MATERIAL,Pornography/Obscene Material,2010,11
SEX OFFENSES,Sexual Assault With An Object,2012,11
EXTORTION/BLACKMAIL,Extortion/Blackmail,2023,11
PORNOGRAPHY/OBSCENE MATERIAL,Pornography/Obscene Material,2016,11
SEX OFFENSES,Sexual Assault With An Object,2014,11
PORNOGRAPHY/OBSCENE MATERIAL,Pornography/Obscene Material,2014,11
FRAUD OFFENSES,Welfare Fraud,2012,9
PROSTITUTION OFFENSES,Assisting or Promoting Prostitution,2018,9
PEEPING TOM,Peeping Tom,2016,9
EMBEZZLEMENT,Embezzlement,2023,9
PEEPING TOM,Peeping Tom,2010,9
PEEPING TOM,Peeping Tom,2014,9
DRUNKENNESS,Drunkenness,2022,8
SEX OFFENSES,Sodomy,2010,8
SEX OFFENSES,Sexual Assault With An Object,2011,8
"SEX OFFENSES, CONSENSUAL",Statutory Rape,2022,8
"SEX OFFENSES, CONSENSUAL",Incest,2018,8
PEEPING TOM,Peeping Tom,2022,8
PEEPING TOM,Peeping Tom,2009,8
"SEX OFFENSES, CONSENSUAL",Statutory Rape,2013,8
HOMICIDE OFFENSES,Murder & Nonnegligent Manslaughter,2023,7
HOMICIDE OFFENSES,Justifiable Homicide,2013,7
"SEX OFFENSES, CONSENSUAL",Statutory Rape,2018,7
SEX OFFENSES,Sexual Assault With An Object,2016,7
SEX OFFENSES,Sexual Assault With An Object,2015,7
LIQUOR LAW VIOLATIONS,Liquor Law Violations,2021,7
"SEX OFFENSES, CONSENSUAL",Statutory Rape,2015,7
LARCENY-THEFT,Pocket-picking,2023,7
"SEX OFFENSES, CONSENSUAL",Incest,2013,7
EXTORTION/BLACKMAIL,Extortion/Blackmail,2011,7
FRAUD OFFENSES,Hacking/Computer Invasion,2023,7
"FAMILY OFFENSES, NONVIOLENT","Family Offenses, Nonviolent",2023,7
"SEX OFFENSES, CONSENSUAL",Incest,2012,7
"SEX OFFENSES, CONSENSUAL",Statutory Rape,2014,6
"SEX OFFENSES, CONSENSUAL",Statutory Rape,2016,6
"SEX OFFENSES, CONSENSUAL",Statutory Rape,2012,6
"SEX OFFENSES, CONSENSUAL",Incest,2014,6
CURFEW/LOITERING/VAGRANCY VIOLATIONS,Curfew/Loitering/Vagrancy Violations,2022,6
PROSTITUTION OFFENSES,Assisting or Promoting Prostitution,2022,6
SEX OFFENSES,Sexual Assault With An Object,2008,6
HUMAN TRAFFICKING,"Human Trafficking, Commercial Sex Acts",2021,6
PEEPING TOM,Peeping Tom,2021,6
PROSTITUTION OFFENSES,Prostitution,2020,6
HOMICIDE OFFENSES,Justifiable Homicide,2014,5
HOMICIDE OFFENSES,Negligent Manslaughter,2020,5
SEX OFFENSES,Sexual Assault With An Object,2010,5
PROSTITUTION OFFENSES,Assisting or Promoting Prostitution,2021,5
PORNOGRAPHY/OBSCENE MATERIAL,Pornography/Obscene Material,2023,5
DRUNKENNESS,Drunkenness,2021,5
FRAUD OFFENSES,Welfare Fraud,2014,5
"SEX OFFENSES, CONSENSUAL",Statutory Rape,2019,5
"SEX OFFENSES, CONSENSUAL",Statutory Rape,2020,5
GAMBLING OFFENSES,Betting/Wagering,2009,5
BAD CHECKS,Bad Checks,2023,4
HOMICIDE OFFENSES,Justifiable Homicide,2022,4
FRAUD OFFENSES,Welfare Fraud,2015,4
"SEX OFFENSES, CONSENSUAL",Incest,2016,4
DRUNKENNESS,Drunkenness,2020,4
FRAUD OFFENSES,Welfare Fraud,2011,4
HOMICIDE OFFENSES,Negligent Manslaughter,2019,4
GAMBLING OFFENSES,Betting/Wagering,2008,3
ANIMAL CRUELTY,Animal Cruelty,2023,3
FRAUD OFFENSES,Welfare Fraud,2010,3
BRIBERY,Bribery,2016,3
HOMICIDE OFFENSES,Justifiable Homicide,2019,3
"SEX OFFENSES, CONSENSUAL",Incest,2011,3
SEX OFFENSES,Sexual Assault With An Object,2009,3
HOMICIDE OFFENSES,Justifiable Homicide,2017,3
DRUNKENNESS,Drunkenness,2019,3
GAMBLING OFFENSES,Betting/Wagering,2017,3
GAMBLING OFFENSES,Betting/Wagering,2012,2
GAMBLING OFFENSES,Betting/Wagering,2015,2
FRAUD OFFENSES,Welfare Fraud,2023,2
PROSTITUTION OFFENSES,Prostitution,2022,2
FRAUD OFFENSES,Welfare Fraud,2021,2
"SEX OFFENSES, CONSENSUAL",Incest,2015,2
"SEX OFFENSES, CONSENSUAL",Incest,2017,2
FRAUD OFFENSES,Welfare Fraud,2018,2
HOMICIDE OFFENSES,Justifiable Homicide,2016,2
HOMICIDE OFFENSES,Justifiable Homicide,2015,2
GAMBLING OFFENSES,Operating/Promoting/Assisting Gambling,2009,2
FRAUD OFFENSES,Welfare Fraud,2008,2
FRAUD OFFENSES,Welfare Fraud,2019,2
BRIBERY,Bribery,2008,2
HOMICIDE OFFENSES,Justifiable Homicide,2020,2
HOMICIDE OFFENSES,Negligent Manslaughter,2008,2
"SEX OFFENSES, CONSENSUAL",Incest,2019,2
BRIBERY,Bribery,2017,2
DRUG/NARCOTIC OFFENSES,Drug Equipment Violations,2023,2
BRIBERY,Bribery,2009,2
FRAUD OFFENSES,Welfare Fraud,2009,2
BRIBERY,Bribery,2011,2
HUMAN TRAFFICKING,"Human Trafficking, Involuntary Servitude",2020,2
PEEPING TOM,Peeping Tom,2023,2
BRIBERY,Bribery,2015,1
FRAUD OFFENSES,Identity Theft,2018,1
BRIBERY,Bribery,2020,1
BRIBERY,Bribery,2010,1
FRAUD OFFENSES,Identity Theft,2014,1
BRIBERY,Bribery,2021,1
BRIBERY,Bribery,2018,1
FRAUD OFFENSES,Identity Theft,2016,1
GAMBLING OFFENSES,Operating/Promoting/Assisting Gambling,2018,1
FRAUD OFFENSES,Welfare Fraud,2013,1
FRAUD OFFENSES,Welfare Fraud,2016,1
PROSTITUTION OFFENSES,Assisting or Promoting Prostitution,2020,1
PROSTITUTION OFFENSES,Purchasing Prostitution,2016,1
PROSTITUTION OFFENSES,Purchasing Prostitution,2017,1
PROSTITUTION OFFENSES,Purchasing Prostitution,2018,1
LARCENY-THEFT,Theft From Coin-Operated Machine or Device,2023,1
HOMICIDE OFFENSES,Negligent Manslaughter,2022,1
HOMICIDE OFFENSES,Negligent Manslaughter,2021,1
HOMICIDE OFFENSES,Negligent Manslaughter,2013,1
HOMICIDE OFFENSES,Negligent Manslaughter,2011,1
HOMICIDE OFFENSES,Negligent Manslaughter,2010,1
HOMICIDE OFFENSES,Negligent Manslaughter,2009,1
HOMICIDE OFFENSES,Justifiable Homicide,2021,1
HOMICIDE OFFENSES,Justifiable Homicide,2018,1
HOMICIDE OFFENSES,Justifiable Homicide,2011,1
GAMBLING OFFENSES,Operating/Promoting/Assisting Gambling,2022,1
GAMBLING OFFENSES,Operating/Promoting/Assisting Gambling,2008,1
GAMBLING OFFENSES,Gambling Equipment Violation,2008,1
GAMBLING OFFENSES,Betting/Wagering,2021,1
GAMBLING OFFENSES,Betting/Wagering,2020,1
GAMBLING OFFENSES,Betting/Wagering,2018,1
GAMBLING OFFENSES,Betting/Wagering,2014,1
GAMBLING OFFENSES,Betting/Wagering,2011,1
GAMBLING OFFENSES,Betting/Wagering,2010,1
"SEX OFFENSES, CONSENSUAL",Incest,2008,1
"SEX OFFENSES, CONSENSUAL",Incest,2021,1
"SEX OFFENSES, CONSENSUAL",Incest,2022,1
FRAUD OFFENSES,Welfare Fraud,2017,1
HUMAN TRAFFICKING,"Human Trafficking, Commercial Sex Acts",2017,1
